{
    "me parler de immorente": {
        "Réponse_RAG": "IMMORENTE est une Société Civile de Placement Immobilier (SCPI) de rendement à capital variable, créée en 1988. Elle se caractérise par une stratégie d'investissement immobilier axée sur la diversification et la mutualisation du patrimoine et des risques, notamment à travers une diversification géographique, par typologie d'actifs, par nombre et qualité de locataires, et par secteurs d'activité. IMMORENTE vise principalement les grandes métropoles françaises, de l'Espace Économique Européen, du Royaume-Uni et de la Suisse, investissant dans des murs de commerces, de bureaux, d’hôtellerie et de loisirs, de logistique et d’activités, de santé et résidentiel.\n\nLa SCPI s'adresse à un large éventail d'investisseurs, qu'ils soient non professionnels, professionnels ou contreparties éligibles, souhaitant investir indirectement dans l'immobilier locatif pour atteindre des objectifs patrimoniaux sur le long terme. Elle est éligible à l'assurance vie et permet la souscription par emprunt, bien que cela comporte un risque en cas de retrait anticipé des parts.\n\nLe prix de souscription est de 340 € par part, avec un minimum de souscription de 4 parts pour les nouveaux associés et de 1 part pour les associés actuels. La SCPI propose des distributions potentielles de revenus sur une base trimestrielle, et il est recommandé de conserver les parts pendant une période d'au moins 8 ans pour optimiser le rendement potentiel.\n\nIMMORENTE met en avant la possibilité de diversification du patrimoine des investisseurs, mais comme tout placement immobilier, il présente des risques, notamment l'absence de rendement ou la perte de valeur. Il est important de noter que ce fonds ne bénéficie d'aucune garantie ou protection de capital et présente un risque de perte en capital, un risque de liquidité et un risque de durabilité. L'indicateur de risque se situe à 3 sur une échelle de 7, indiquant un niveau de risque entre bas et moyen.\n\nPour toute transaction, la revente des parts dépend de l'équilibre entre l'offre et la demande, et la SCPI ne garantit pas la revente des parts ni le retrait. Les informations complémentaires, y compris la documentation relative à la SCPI, sont disponibles sur le site internet de Sofidy, la société de gestion d'IMMORENTE.",
        "Feedback_utilisateur": "Correct"
    },
    "Quel est le taux de rentabilité du produit immorente ?": {
        "Réponse_RAG": "Le taux de rentabilité interne (TRI) du produit IMMORENTE, selon les différentes périodes, est le suivant :\n\n- TRI sur 10 ans : +4,61 %\n- TRI sur 15 ans : +5,52 %\n- TRI sur 20 ans : +7,95 %\n- TRI depuis l’origine : +9,35 %\n\nCes taux expriment la performance annuelle moyenne, en prenant en compte le prix de revient du placement, l’ensemble des dividendes perçus au cours de la période de placement, et le prix de retrait en vigueur au moment de la sortie, mais sans inclure la fiscalité propre à l'investisseur.",
        "Feedback_utilisateur": "Correct"
    },
    "Classer les produits par taux de rentabilité ": {
        "Réponse_RAG": "Pour classer les produits par taux de rentabilité, nous nous référons aux taux de rentabilité interne (TRI) et aux taux de distribution mentionnés dans les documents. Voici le classement basé sur les informations disponibles :\n\n### Taux de Rentabilité Interne (TRI) pour SOFIPIERRE au 31/12/2024\n- TRI 10 ans : +5,27 %\n- TRI 15 ans : +6,68 %\n- TRI 20 ans : +10,85 %\n- TRI depuis la reprise de la gestion par Sofidy en 1999 : +9,78 %\n\n### Taux de Distribution pour SOFIPIERRE au 31/12/2024\n- Taux de distribution brut de fiscalité (sur nouveau prix de part) pour 2023 : +5,20 %\n- Taux de distribution brut de fiscalité (sur nouveau prix de part) pour 2024 : +6,20 %\n- Taux de distribution net de fiscalité pour 2023 : +4,73 %\n- Taux de distribution net de fiscalité pour 2024 : +5,41 %\n\n### Analyse\n- **Sur le long terme**, le produit avec le TRI le plus élevé est celui sur 20 ans à +10,85 %, suivi par le TRI depuis la reprise de la gestion par Sofidy en 1999 à +9,78 %, puis le TRI 15 ans à +6,68 %, et enfin le TRI 10 ans à +5,27 %.\n- **Sur une base annuelle**, le taux de distribution pour 2024 est supérieur à celui de 2023, avec un taux brut de +6,20 % contre +5,20 %, et un taux net de +5,41 % contre +4,73 %.\n\n### Conclusion\nEn se basant uniquement sur les taux de rentabilité interne et les taux de distribution fournis, le produit le plus rentable sur le long terme est celui avec un TRI de 20 ans à +10,85 %. Sur une base annuelle, le produit le plus rentable est celui avec un taux de distribution brut de fiscalité pour 2024 à +6,20 %.",
        "Feedback_utilisateur": "Incorrect"
    },
    "faire la liste de tous les produits dans un tableau avec leur taux de rentabilité moyen": {
        "Réponse_RAG": "Voici un tableau récapitulatif des produits mentionnés dans les documents fournis, avec leur taux de rentabilité moyen selon les scénarios présentés :\n\n| Produit | Scénario | 1 an | 5 ans | 10 ans |\n|---------|----------|------|-------|--------|\n| SOFIPRIME | Tensions | -14,81% | -3,02% | -1,72% |\n| | Défavorable | -16,34% | -8,98% | -8,02% |\n| | Intermédiaire | -7,06% | 1,11% | 2,18% |\n| | Favorable | -4,73% | 3,65% | 4,74% |\n| SOFIDY SÉLECTION 1 | Tensions | -65,02% | -22,98% | N/A |\n| | Défavorable | -16,19% | -16,18% | N/A |\n| | Intermédiaire | -2,30% | -2,29% | N/A |\n| | Favorable | 21,45% | 21,44% | N/A |\n\nCe tableau résume les taux de rentabilité moyens après déduction des coûts pour chaque scénario et produit. Il est important de noter que ces chiffres sont des illustrations basées sur des performances passées et des hypothèses de marché, et ne garantissent pas les performances futures.",
        "Feedback_utilisateur": "Incorrect"
    },
    "classer les produits mentionnés par niveau de rente du plus grand au plus faible": {
        "Réponse_RAG": "Pour classer les produits mentionnés par niveau de rente du plus grand au plus faible, nous devons examiner les taux de distribution et les taux de rendement interne (TRI) lorsque ces informations sont disponibles. Il est important de noter que les taux de distribution et les TRI ne sont pas des indicateurs parfaits de la rentabilité future, car ils reflètent les performances passées et peuvent varier au fil du temps. De plus, certains produits peuvent se concentrer davantage sur l'appréciation du capital plutôt que sur la distribution de revenus, ce qui peut affecter leur classement en fonction de la rente.\n\n1. **SOFIPRIME**:\n   - Taux de distribution net de fiscalité 2024: +4,89%\n   - TRI 10 ans: +4,61%\n\n2. **IMMORENTE**:\n   - Taux de distribution brut de fiscalité 2024: +5,04%\n   - TRI 10 ans: Non spécifié explicitement, mais la communication sur le TRI depuis l'origine et sur d'autres périodes suggère une performance solide.\n\n3. **MEILLEURIMMO**:\n   - Pas de taux de distribution ou de TRI spécifié directement dans les documents. Cependant, étant donné qu'il investit dans une diversité de fonds immobiliers, y compris des SCPI et des OPCI, sa rente pourrait varier en fonction de la performance de ces sous-jacents.\n\n4. **SOFIMMO**:\n   - Pas de taux de distribution ou de TRI spécifié directement. La stratégie d'investissement et les objectifs suggèrent une approche équilibrée entre l'appréciation du capital et les distributions potentielles.\n\n5. **SOFIDY SÉLECTION 1**:\n   - Pas de taux de distribution ou de TRI spécifié directement. Ce fonds se concentre sur les actions du secteur immobilier de l'Union européenne, ce qui implique une volatilité et une rente potentielles liées aux performances du marché des actions.\n\nIl est difficile de classer précisément **MEILLEURIMMO**, **SOFIMMO**, et **SOFIDY SÉLECTION 1** par rapport à **SOFIPRIME** et **IMMORENTE** sans informations spécifiques sur leur rente ou leur TRI. **SOFIPRIME** et **IMMORENTE** fournissent des données plus concrètes qui permettent une comparaison directe, avec **IMMORENTE** montrant un taux de distribution légèrement supérieur pour 2024, mais **SOFIPRIME** offrant un TRI sur 10 ans qui pourrait intéresser ceux qui cherchent une appréciation à long terme.\n\nPour les investisseurs, le choix entre ces produits devrait également prendre en compte d'autres facteurs tels que les objectifs d'investissement (appréciation du capital vs revenu), l'horizon de placement, et la tolérance au risque, en plus de la rente.",
        "Feedback_utilisateur": "Correct"
    },
    "Comment puis-je formuler une réclamation ?": {
        "Réponse_RAG": "Pour formuler une réclamation, vous pouvez contacter Sofidy directement. Voici les démarches à suivre selon le produit concerné :\n\n1. **Pour MEILLEURIMMO, SOFIDY SÉLECTION 1, SOFIMMO, SOLIVING, SOFIDY CONVICTIONS IMMOBILIÈRES, SOFIBOUTIQUE, IMMORENTE, EFIMMO 1, SOFIPIERRE, SOFIDYNAMIC, et SOFIPRIME** :\n   - Adressez votre réclamation à Sofidy par courrier à l'adresse suivante : Sofidy - Service des associés - 303, square des Champs Élysées - Évry Courcouronnes - 91026 Évry Cedex, ou par courriel à reclamations.clients@sofidy.com.\n   - Sofidy s'engage à accuser réception de votre demande dans un délai de dix jours ouvrables et à vous transmettre une réponse dans un délai maximum de deux mois à compter de la date d'envoi de votre réclamation.\n\n2. **Pour SOFIDY PIERRE EUROPE** :\n   - La procédure est similaire, mais veuillez consulter le document spécifique pour les détails exacts, notamment l'adresse ou l'email pouvant différer.\n\nDans tous les cas, si la réponse de Sofidy ne vous satisfait pas, vous avez la possibilité de faire appel au service de médiation de l’Autorité des Marchés Financiers (AMF) à l'adresse suivante : Médiateur de l’Autorité des marchés financiers - 17 place de la Bourse - 72082 Paris Cedex 02. Des formulaires de saisie ainsi que la charte de la médiation du médiateur de l’AMF sont disponibles sur le site de l’AMF.\n\nPour plus d'informations sur la politique de traitement des réclamations clients de Sofidy, vous pouvez visiter leur site internet à l'adresse indiquée dans les documents d'information clés de chaque produit.",
        "Feedback_utilisateur": "Correct"
    },
    "Quel est le nombre de part minimum de souscription pour les nouveaux associés ?": {
        "Réponse_RAG": "Pour les nouveaux associés, le minimum de souscription est de 4 parts.",
        "Feedback_utilisateur": "Correct"
    },
    "ce nombre de parts est-il modifiable ?": {
        "Réponse_RAG": "Pour répondre à votre question de manière précise, il me faudrait connaître le contexte spécifique ou le produit d'investissement auquel vous faites référence. Les documents fournis couvrent plusieurs produits d'investissement gérés par Sofidy, y compris des SCPI (Sociétés Civiles de Placement Immobilier) comme EFIMMO 1, IMMORENTE, et d'autres, ainsi que des OPCI (Organismes de Placement Collectif en Immobilier) comme SOFIMMO. Chaque produit a ses propres règles concernant la souscription, la détention, et la modification du nombre de parts ou d'actions.\n\nEn général, pour les SCPI et les OPCI, le nombre de parts ou d'actions qu'un investisseur détient peut être modifié après l'investissement initial. Les investisseurs peuvent acheter plus de parts ou vendre certaines de leurs parts existantes, sous réserve des conditions de marché, des règles de liquidité du fonds, et des procédures spécifiques établies par la société de gestion. Ces opérations peuvent être soumises à des frais et à des conditions spécifiques, telles que des périodes de notice pour les rachats ou des limites sur le nombre de parts qui peuvent être vendues à un moment donné.\n\nPour des informations précises sur la modification du nombre de parts ou d'actions pour un produit spécifique, il est recommandé de consulter la documentation officielle du produit concerné (comme le Document d'Informations Clés, la Note d'Information, ou le Prospectus) ou de contacter directement la société de gestion.",
        "Feedback_utilisateur": "Incorrect"
    },
    "C'est quoi immorente ?": {
        "Réponse_RAG": "IMMORENTE est une Société Civile de Placement Immobilier (SCPI) de rendement à capital variable, créée en 1988. Elle a pour objectif de proposer à l’investisseur une distribution potentielle de dividendes ainsi qu’une progression de la valeur des parts souscrites sur un horizon de détention long terme, bien que cet objectif ne soit pas garanti. IMMORENTE se concentre sur l’acquisition et la gestion d’un parc immobilier locatif, principalement situé dans les grandes métropoles françaises, de l’Espace Économique Européen, du Royaume-Uni et de la Suisse, et investit de manière diversifiée dans les principales typologies d’immobilier locatif (murs de commerces, de bureaux, d’hôtellerie et de loisirs, de logistique et d’activités, de santé et résidentiel).\n\nLa SCPI IMMORENTE s’adresse à une clientèle variée, incluant les investisseurs non professionnels, professionnels ou contreparties éligibles, souhaitant investir indirectement une partie de leurs liquidités dans l’immobilier locatif pour répondre à des objectifs patrimoniaux sur le long terme. Elle est éligible à l’assurance vie et offre la possibilité de souscription par emprunt, bien que l’endettement présente un caractère risqué.\n\nLes parts de IMMORENTE sont des supports de placement à long terme, avec une durée de placement minimale recommandée de 8 ans, et ne bénéficient pas d’une garantie en capital. Les investisseurs sont encouragés à conserver leurs parts pendant au moins cette durée pour optimiser leur investissement, tout en prenant en compte les risques associés, notamment le risque de perte en capital, le risque de liquidité et le risque de durabilité.",
        "Feedback_utilisateur": "Correct"
    }
}